BODY OIL-250 Prampara,Prampara
ANGOSREE 100 GM Prampara,Prampara
ANGOSREE 300 GM Prampara,Prampara
BATO MUKTI CAPSULE 30 CAP Prampara,Prampara
BATO MUKTI CAPSULE 150 CAP Prampara,Prampara
BATO MUKTI PROLEP 100 GM Prampara,Prampara
BATO MUKTI PROLEP 300 GM Prampara,Prampara
BATO MUKTI TAILAM 100 ML Prampara,Prampara
CHYABAN-YOGA 30 CAP Prampara,Prampara
CHYABAN-YOGA 150 CAP Prampara,Prampara
COLD PLUS 100 GM Prampara,Prampara
FAST CONTROL 100 GM Prampara,Prampara
FAST CONTROL 300 GM Prampara,Prampara
HEALTH LIVER SYATEM 200 ML Prampara,Prampara
HEALTHY STOMACH SYSTEM 100 GM Prampara,Prampara
HEALTHY STOMACH SYSTEM 300 GM Prampara,Prampara
HRIDAY 30 CAP Prampara,Prampara
HRIDAY 150 Cap Prampara,Prampara
ISABGOL PLUS 100 GM Prampara,Prampara
ISABGOL PLUS 300 GM Prampara,Prampara
KESH BARNA 100 GM Prampara,Prampara
KESHOSHAKTI 30 CAP Prampara,Prampara
KESHOSHAKTI 150 CAP Prampara,Prampara
KESHPURNA 100 GM Prampara,Prampara
KESHPURNA 300 GM Prampara,Prampara
KUNTALSREE 100 GM Prampara,Prampara
Pourash Cap 150 Prampara,Prampara
KUNTALSREE PLUS SHAMPOO 250 ml Prampara,Prampara
KUNTALSREE PREMIUM SHAMPOO 100 ML Prampara,Prampara
LABONYA 100 GM Prampara,Prampara
LABONYA 300 GM Prampara,Prampara
LOGHUTA 30 CAP Prampara,Prampara
LOGHUTA 150 CAP Prampara,Prampara
MORN-FRESH 100 GM Prampara,Prampara
MORN-FRESH 300 GM Prampara,Prampara
NARI CAPSULE 30 CAP Prampara,Prampara
NARI CAPSULE-150 Prampara,Prampara
N  C  Soap Prampara,Prampara
NO COUGH 100 ML Prampara,Prampara
NO COUGH 200 ML Prampara,Prampara
POURRASS CAPSULE 30 CAP Prampara,Prampara
POURASS TAILAM 15 ML Prampara,Prampara
RAJOSREE 200 ML Prampara,Prampara
RAMANIYO 30 CAP Prampara,Prampara
RUPOSOSHI 100 GM Prampara,Prampara
RUPOSOSHI 300 GM Prampara,Prampara
SHADOW 100 GM Prampara,Prampara
SHADOW 300 GM Prampara,Prampara
SMRITI SHAKTI CAPSUL 30 CAP Prampara,Prampara
SMRITI SHAKTI CAPSUL 150 CAP Prampara,Prampara
SUBARNAKANTI 100 ML Prampara,Prampara
SUBRIKKA 30 CAP Prampara,Prampara
SUDANTO 25 GM Prampara,Prampara
SUDANTO 100 GM Prampara,Prampara
SUDANTO 300 GM Prampara,Prampara
SU-JHAL 25 GM Prampara,Prampara
SUKESH 100 ML Prampara,Prampara
SUKESH PLUS 100 ML Prampara,Prampara
SUPARIPAK 100 GM Prampara,Prampara
SUPARIPAK 300 GM Prampara,Prampara
SUPTI 50 GM Prampara,Prampara
SUPTI 300 GM Prampara,Prampara
SUPTI ACTIVE 200 ML Prampara,Prampara
SUSWAR 30 CAP Prampara,Prampara
SUSWAR 200 CAP Prampara,Prampara
SUSWASTHA CAPSUL 30 CAP Prampara,Prampara
SUSWASTHA CAPSUL 200 CAP Prampara,Prampara
SUTNU 30 CAP Prampara,Prampara
SUTNU 200 CAP Prampara,Prampara
SUTNU TAILAM 100 ML Prampara,Prampara
TILOTTAMA TAILAM 100 ML Prampara,Prampara
NO-DAN 250 ml Prampara,Prampara
FACE WASH 100 Prampara,Prampara
MOISTURIZER 60 ML Prampara,Prampara
CLEANSING MILK 60 ML Prampara,Prampara
SCRUB 60 ML Prampara,Prampara
TONER 100 ML Prampara,Prampara
ROSE WATER 100 ML Prampara,Prampara
NO-AGING 40 GM Prampara,Prampara
COOL BODY OIL 100 ML Prampara,Prampara
BODY OIL 250 ML Prampara,Prampara
BODY OIL 100 ML Prampara,Prampara
GOLD KIT 51 GM Prampara,Prampara
SUDANTO PASTE 100 GM Prampara,Prampara
SAVING CREAM 70 GM Prampara,Prampara
LABONYA LIQUID Prampara,Prampara
LIP BALM Prampara,Prampara
SUN GEL Prampara,Prampara
KESPURNA  100gm Prampara,Prampara
FAST CONTROLL-100 gm Prampara,Prampara
BODY LOTION 250 ML Prampara,Prampara
HALUD -100 gm Prampara,Prampara
SUTANU-150 Prampara,Prampara
SMRITISHAKTI 150CAP Prampara,Prampara
SUSWASTHA 150CAP Prampara,Prampara
COOL POWDER Prampara,Prampara
HENNA 30GM Prampara,Prampara
Labonya Face Pack Prampara,Prampara
Subarnakanti Face Pack Prampara,Prampara
Aloevera Shower Gel Prampara,Prampara
SUSWAR-150 Prampara,Prampara
RAMANIYO-150 Prampara,Prampara
SUBARNAKANTI OIL  NEW Prampara,Prampara
FACE WASH 60ML Prampara,Prampara
Gold and Aloevera face wash Prampara,Prampara
Amla and Bhringaraj Hair Serum 100 Prampara,Prampara
Rupososhi Massage Cream 450gm Prampara,Prampara
Kespurna Hair Spa 250 SPA Prampara,Prampara
Neem Chandan Cream 100 gm Prampara,Prampara
Rupososhi Massage Cream 100 gm Prampara,Prampara
Bolistha (New) Prampara,Prampara
KESHOSHAKTI 150 (NEW) Prampara,Prampara
Moisturizer - 100 ml Prampara,Prampara
Kespurna Hair Spa-100 gm Prampara,Prampara
SUPARIPAK (NEW) Prampara,Prampara
PARKER Prampara,Prampara
Alovera Gel-50 gm Prampara,Prampara
Alovera E-50gm Prampara,Prampara
Sunscreen Gel Prampara,Prampara
Caloemine lotion Prampara,Prampara
Aloe face Wash Prampara,Prampara
Anti Ageing Cream Prampara,Prampara
Body lotion-100 gm Prampara,Prampara
Body Lotion-200 gm Prampara,Prampara
Neem Tulsi Face Wash Prampara,Prampara
Aquajwain-100 ml Prampara,Prampara
Aquajwain-50 ml Prampara,Prampara
Henna Mix Powder Prampara,Prampara
Nutrimax Cap Prampara,Prampara
Peerbael-75 gm Prampara,Prampara
Kalmegha-100 ml Prampara,Prampara
Triphala Prampara,Prampara
Alovee E 200gm Prampara,Prampara
Aloe E(50) New Prampara,Prampara
Aloe Balm 30 gm Prampara,Prampara
Medha Plus Prampara,Prampara
Alovera Gel 100 Prampara,Prampara
Rosw Water Prampara,Prampara
Aquajwain 100 New Prampara,Prampara
Kalmegh Plus New Prampara,Prampara
RAMANIYO CLEANSING MILK 100ML Prampara,Prampara
Sun Gel-100 gm Prampara,Prampara
Smriti Shakti - 30 cap Prampara,Prampara
ghi Prampara,Prampara
No Dan (new) Prampara,Prampara
Cold Plus 300 gm Prampara,Prampara
Fast Control New Prampara,Prampara
Nari 150 Cap Prampara,Prampara
Cleansing Milk- 100 ml Prampara,Prampara
Anti Dandruff Sampoo Prampara,Prampara
Ruposhoshi New Prampara,Prampara
Hair Vitalizer Prampara,Prampara
Lemon Face Wash 250ML Prampara,Prampara
Sandal and Aloe Face Wash 250 ML Prampara,Prampara
Gold Shower Gel 250 ML Prampara,Prampara
SPF 30 Prampara,Prampara
Premium Soap Prampara,Prampara
Sandal Face Wash-100ml Prampara,Prampara
Lemon Face Wash-100ml Prampara,Prampara
Bato Prolep ( New) Prampara,Prampara
Kespuran ( New) Prampara,Prampara
Rose Water 250 ML Prampara,Prampara
Gold shower Gel-100 ml Prampara,Prampara
abc Prampara,Prampara
SPF 40 Prampara,Prampara
SUBRIKKA 150 cap Prampara,Prampara
ALOVEE GEL 200ml Prampara,Prampara
No- Dan-100ml Prampara,Prampara
Neem Chandan Cream 450 gm Prampara,Prampara
R C MILK-100 gm Prampara,Prampara
Gold Serum Prampara,Prampara
SPF 50 Prampara,Prampara
Aquajwain 100ml @55 Prampara,Prampara
Burgandy Hena 20gm Prampara,Prampara
Ramanio Cleansing Milk 250gm Prampara,Prampara
Angoshree Scrub 100 gm Prampara,Prampara
Angoshree Scrub 450 gm Prampara,Prampara
Nari Mois 100 gm Prampara,Prampara
Nari Moist 250 gm Prampara,Prampara
Day care 50 gm Prampara,Prampara
Night Care 50 gm Prampara,Prampara
Shadow 20 gm Prampara,Prampara
Neem Face Wash 100 Prampara,Prampara
Neem Face Wash 250 gm Prampara,Prampara
Honey face & Body Wash 100 Prampara,Prampara
Honey face & Body wash 250 gm Prampara,Prampara
Skin Glowing Serum 100 gm Prampara,Prampara
Skin Glowing Serum 250 gm Prampara,Prampara
Anti Dandruff Shampoo 100 gm Prampara,Prampara
Anti Dandruff Shampoo 250 gm Prampara,Prampara
Aging Care 20 gm Prampara,Prampara
Black Hena 20 gm Prampara,Prampara
Burgandy Hena 30 gm Prampara,Prampara
Skin Glowing Lotion 100 ml Prampara,Prampara
Skin Glowing lotion 250 ml Prampara,Prampara
SPF 40 (20gm) Prampara,Prampara
DAY CARE 20gm Prampara,Prampara
NIGHT CARE 20gm Prampara,Prampara
ALOVERA SHOWER GEL 100ml Prampara,Prampara
Fairness Cap New LOUIS,LOUIS
Face Wash (HONEY) 100ML NEW LOUIS,LOUIS
HERBAL HENA-20gm NEW LOUIS,LOUIS
Face Wash (Neem)100ml New LOUIS,LOUIS
Anti Blemish Pack LOUIS,LOUIS
Fairness Cream New- 50 ml LOUIS,LOUIS
Vigvit Cap- New LOUIS,LOUIS
Sim Day Cream (New) LOUIS,LOUIS
Legro Hair Vitalizer LOUIS,LOUIS
Sim Night Cream (New) LOUIS,LOUIS
Alovera Gel- 100 Tube LOUIS,LOUIS
SPF-30 100GM LOUIS,LOUIS
Body Oil 100ml LOUIS,LOUIS
CH DEO GOLD REVLON,REVLON
Cleasing Lotion 120 ml LOUIS,LOUIS
Anti Tan Scrub LOUIS,LOUIS
Legro Capsul LOUIS,LOUIS
Face Wash ( Papaya) LOUIS,LOUIS
H & B Lotion (Alovera) LOUIS,LOUIS
H & B Lotion (Berries) LOUIS,LOUIS
H & B Lotion (Peach) LOUIS,LOUIS
H & B Lotion (Pomegranate) LOUIS,LOUIS
LIP  THEREPY LOUIS,LOUIS
Fairness Kit 114gm LOUIS,LOUIS
Face Wash ( Papaya ) 60gm LOUIS,LOUIS
Glow Tone Oil-9 ml LOUIS,LOUIS
Under Eye Cream LOUIS,LOUIS
Lemmary Shampoo -500ml LOUIS,LOUIS
SPF 30- 60 gm New LOUIS,LOUIS
SPF 20 LOUIS,LOUIS
SPF 40 LOUIS,LOUIS
LESHINE HAIR SHINE SERUM LOUIS,LOUIS
LEGRO HAIR OIL LOUIS,LOUIS
LEGRO HAIR FALL CONTROL LOTION LOUIS,LOUIS
LESHINE HAIR CONDITIONER LOUIS,LOUIS
LETREE DANDRUFF CONTROL SHAMPOO LOUIS,LOUIS
LEMARRY HAIRFALL CONTROL SHAMPOO LOUIS,LOUIS
LESOYA SMOOTHING SHAMPOO LOUIS,LOUIS
Gold Facial Kit Medium 114 gm LOUIS,LOUIS
Diamond Facial Kit Medium 5 pcs LOUIS,LOUIS
Cleansing Lotion LOUIS,LOUIS
Toner (Rose) 100ml LOUIS,LOUIS
Toner (Gold) 100ml LOUIS,LOUIS
Tea tree Toner 120ml LOUIS,LOUIS
Face wash gel (Neem) 100ml LOUIS,LOUIS
Face wash gel (Neem) 60ml LOUIS,LOUIS
Face wash gel (Honey) 100ml LOUIS,LOUIS
Face wash gel (Honey) 60ml LOUIS,LOUIS
Face wash (Fairness)-100 gm LOUIS,LOUIS
Face wash gel (Fairness) 60ml LOUIS,LOUIS
Face wash gel (Sunscreen) 100ml LOUIS,LOUIS
Moisturizing Lotion 100ml LOUIS,LOUIS
Grapesoft moisturizing Lotion 120ml LOUIS,LOUIS
Anti Blemisesh Lotion 120ml LOUIS,LOUIS
SPF 30 120ml (NEW) LOUIS,LOUIS
SPF 30 60ml LOUIS,LOUIS
SPF 40 120ml LOUIS,LOUIS
SPF 40 60ml LOUIS,LOUIS
SPF 20 120ml LOUIS,LOUIS
Winter Care Cream 100ml LOUIS,LOUIS
Anti Wrinkle Cream 50ml LOUIS,LOUIS
Anti Blemishes Cream 50ml LOUIS,LOUIS
Pimple & Acne Treatment Cream 50ml LOUIS,LOUIS
Scrub (Apricot) 100ml LOUIS,LOUIS
Skin Life Massage Cream 100 ml LOUIS,LOUIS
Pimple & Acne Pack 120 gm LOUIS,LOUIS
Anti Blemishes Pack 50ml LOUIS,LOUIS
Fairness Face Pack 120 gm LOUIS,LOUIS
Glow Tone Oil 50ml LOUIS,LOUIS
Slimming capsule 60 caps LOUIS,LOUIS
LOUIS ALL PRODUCTS LOUIS,LOUIS
Papaya kit LOUIS,LOUIS
Silver Kit (Mini) LOUIS,LOUIS
Anti Wrinkel Pack-60gm LOUIS,LOUIS
Hair Ton Anti Hair Fall Lotion LOUIS,LOUIS
Scrub (Apricot)-60gm LOUIS,LOUIS
Fairness Cap LOUIS,LOUIS
Anti Tan  Pack LOUIS,LOUIS
33 nail polish REVLON,REVLON
Lip Stick 2S116A0M40219018 REVLON,REVLON
Color Rich Kajal REVLON,REVLON
T&G FOUND IVORY REVLON,REVLON
T&G FOUND NATURAL REVLON,REVLON
T&G FOUND GOLD REVLON,REVLON
T&G COMPACT IVORY REVLON,REVLON
T&G COMPACT NATURAL REVLON,REVLON
T&G COMPACT GOLD REVLON,REVLON
KHOL KAJAL REVLON,REVLON
COLOR SILK 1N REVLON,REVLON
COLOR SILK 2N REVLON,REVLON
COLOR SILK 3N ( New) REVLON,REVLON
COLOR SILK 3DB REVLON,REVLON
COLOR SILK 4G REVLON,REVLON
COLOR SILK 1WN REVLON,REVLON
COLOR SILK 5G REVLON,REVLON
COLOR SILK 3RB REVLON,REVLON
COLOR SILK 3RR REVLON,REVLON
C.N.C  1N REVLON,REVLON
C.N.C  2N REVLON,REVLON
C.N.C  3N REVLON,REVLON
C.N.C  3RV REVLON,REVLON
C.N.C  5N REVLON,REVLON
C.N.C  6G REVLON,REVLON
T & G FAIRNESS CR 50 REVLON,REVLON
T & G FAIRNESS CR 75 REVLON,REVLON
CH.DEO RED REVLON,REVLON
CH.DEO GOLD (New) REVLON,REVLON
CH.COL RED REVLON,REVLON
CH.DEO BLUE(NEW) REVLON,REVLON
Flex Shampoo Moisturizer REVLON,REVLON
CH. DEO. N.CH NEW REVLON,REVLON
CUSTOMIZED KIT 2+1 REVLON,REVLON
Lip color Rs-21 Off REVLON,REVLON
Color Rich Liq Eye Liner-Black REVLON,REVLON
Color Rich Liq Eye Liner-Blue REVLON,REVLON
Flex Conditioner REVLON,REVLON
Kohl Kajal-35 Off REVLON,REVLON
Body Lotion+ Perfume spry REVLON,REVLON
Nail Polish REVLON,REVLON
Flex Shampo Body Building REVLON,REVLON
Fire & Ice Combi REVLON,REVLON
C.N.C 1N ( Rs25 Off) REVLON,REVLON
C.N.C 3N ( New ) REVLON,REVLON
C.N.C 3 RV (Rs 25 Off) REVLON,REVLON
C.N.C 6 G (Rs 25 Off) REVLON,REVLON
COLOR SILK 3 DB (New) REVLON,REVLON
COLOR SILK 1N (New) REVLON,REVLON
COLOR SILK 3N REVLON,REVLON
FIRE & ICE (Combi3 pc) REVLON,REVLON
TOP SPEED 60 REVLON,REVLON
TOP SPEED 70 REVLON,REVLON
C.N.C 2N (RS 25/- Off) REVLON,REVLON
C.N.C 2N (New ) REVLON,REVLON
Flex N/D ( Rs 31/- Off ) REVLON,REVLON
Flex D/D ( Rs 31/- Off ) REVLON,REVLON
CH BLUE PERFUME REVLON,REVLON
CH DEO N CHIC 41 OFF REVLON,REVLON
STREET WEAR KAJAL REVLON,REVLON
Love Her Madly Combi REVLON,REVLON
C N C 5 N (Rs 25 Off) REVLON,REVLON
C N C 3N (Rs 25 Off) REVLON,REVLON
CH SUNSHINE REVLON,REVLON
FLEX CON 31/- OFF REVLON,REVLON
NAIL ENAMEL REVLON,REVLON
LIP COLOR REVLON,REVLON
STREET WEAR COMPACT NUDE REVLON,REVLON
STREET WEAR COMPACT SOFT BEIGE REVLON,REVLON
Top Speed 65 REVLON,REVLON
Anti Dan Shampoo REVLON,REVLON
COLOR SILK 3 RB ( NEW) REVLON,REVLON
Flex Anti Hairfall Shampoo REVLON,REVLON
Nail  Enamale @225 REVLON,REVLON
Nail Enamale @199 REVLON,REVLON
Nail Enamale @190 REVLON,REVLON
Lip Stick @260 REVLON,REVLON
Lip Stick @390 REVLON,REVLON
Top Speed @699 REVLON,REVLON
T & G Foundation @325 REVLON,REVLON
BB- JSMN/CO/OIL 50ML BAIDYABOOTI,BAIDYABOOTI
BB- JSMN/CO/OIL 100ML BAIDYABOOTI,BAIDYABOOTI
BB - KOTIKA H/OIL 100 ML BAIDYABOOTI,BAIDYABOOTI
BB- COOL OIL- 200ML BAIDYABOOTI,BAIDYABOOTI
BB-JSMN/CO/OIL-25 ML BAIDYABOOTI,BAIDYABOOTI
BB-KOT/VITALISER-100ML BAIDYABOOTI,BAIDYABOOTI
BB-CO/BUT LOTION 300 ML BAIDYABOOTI,BAIDYABOOTI
BB-OIL/BODY OIL 100ML BAIDYABOOTI,BAIDYABOOTI
BB-OIL/BODY OIL FREE 100ML BAIDYABOOTI,BAIDYABOOTI
BB-Geen Apple Cleanser 300ml BAIDYABOOTI,BAIDYABOOTI
BB-CO/BUT LOTION 100 ML BAIDYABOOTI,BAIDYABOOTI
BB-Green Apple Cleanser 100ml BAIDYABOOTI,BAIDYABOOTI
BB-WHET/MOISTUR 100 ML BAIDYABOOTI,BAIDYABOOTI
BB-WHET/MOISTUR 300 ML BAIDYABOOTI,BAIDYABOOTI
BB-COCONUT OIL 175 ML GREEN BAIDYABOOTI,BAIDYABOOTI
BB- COCONUT OIL 85 ML GREEN BAIDYABOOTI,BAIDYABOOTI
BB Fruit Facial Msg Gel 100gm BAIDYABOOTI,BAIDYABOOTI
BB Wine Facial Gel 100gm BAIDYABOOTI,BAIDYABOOTI
BB Fairness Facial Gel 100gm BAIDYABOOTI,BAIDYABOOTI
BB Anti Tan Facial Gel 100gm BAIDYABOOTI,BAIDYABOOTI
BB Fruit Face Pack 100gm BAIDYABOOTI,BAIDYABOOTI
BB Minaral Face Pack 100gm BAIDYABOOTI,BAIDYABOOTI
BB Neem & Clove Pack 100gm BAIDYABOOTI,BAIDYABOOTI
BB Alo & Wheat Msg Cream 100 gm BAIDYABOOTI,BAIDYABOOTI
BB Alo & Wheat Msg Cream 200gm BAIDYABOOTI,BAIDYABOOTI
BB Alo & Wheat Msg Cream 500gm BAIDYABOOTI,BAIDYABOOTI
BB Lemon & Saffron Msg Cream 100gm BAIDYABOOTI,BAIDYABOOTI
BB Lemon & Saffron Msg Cream 200gm BAIDYABOOTI,BAIDYABOOTI
BB Lemon & Saffron Msg Cream 500gm BAIDYABOOTI,BAIDYABOOTI
BB B-Fair Fairness Serum 50gm BAIDYABOOTI,BAIDYABOOTI
BB Alpha Fruit Serum 50ml BAIDYABOOTI,BAIDYABOOTI
BB Anti Tan Face Serum 50ml BAIDYABOOTI,BAIDYABOOTI
BB Pigmantation Face Pack 50gm BAIDYABOOTI,BAIDYABOOTI
BB B-Fair ligt & Pigm Cream 50gm BAIDYABOOTI,BAIDYABOOTI
BB Acne Pimple Cream 50gm BAIDYABOOTI,BAIDYABOOTI
BB Anti Wrinkel Cream 50gm BAIDYABOOTI,BAIDYABOOTI
BB Night Cream 50gm BAIDYABOOTI,BAIDYABOOTI
BB Tan lightening Cream 50gm BAIDYABOOTI,BAIDYABOOTI
BB Aloe Cleasing Milk 100gm BAIDYABOOTI,BAIDYABOOTI
BB Aloe Cleasing Milk 200gm BAIDYABOOTI,BAIDYABOOTI
BB Aloe Cleasing Milk 500 gm BAIDYABOOTI,BAIDYABOOTI
BB Aloe Cleasing Milk 1000ml BAIDYABOOTI,BAIDYABOOTI
BB Honey & Mint Skin Toner 100gm BAIDYABOOTI,BAIDYABOOTI
BB Honey & Mint Skin Toner 200gm BAIDYABOOTI,BAIDYABOOTI
BB Honey & Mint Skin Toner 500gm BAIDYABOOTI,BAIDYABOOTI
BB Honey & Mint skin Toner 1000gm BAIDYABOOTI,BAIDYABOOTI
BB Amla & Shikakai Shampoo 100gm BAIDYABOOTI,BAIDYABOOTI
BB Amla & Shikakai Shampoo 200gm BAIDYABOOTI,BAIDYABOOTI
BB Amla & Shikakai Shampoo 500gm BAIDYABOOTI,BAIDYABOOTI
BB Amla & shikakai Shampoo 1000gm BAIDYABOOTI,BAIDYABOOTI
BB Aloe & Tulsi Shampoo 100gm BAIDYABOOTI,BAIDYABOOTI
BB Aloe & Tulsi Shampoo 200gm BAIDYABOOTI,BAIDYABOOTI
BB Aloe & Tulsi Shampoo 500gm BAIDYABOOTI,BAIDYABOOTI
BB Anti Dandruff Shampoo 100gm BAIDYABOOTI,BAIDYABOOTI
BB Anti Dandruff Shampoo 200gm BAIDYABOOTI,BAIDYABOOTI
BB Anti Dandruff Shampoo 500gm BAIDYABOOTI,BAIDYABOOTI
BB Anti Tan Face Pack 100gm BAIDYABOOTI,BAIDYABOOTI
BB Anti Tan Face Wash BAIDYABOOTI,BAIDYABOOTI
BB Aloe Neem Face Wash BAIDYABOOTI,BAIDYABOOTI
BB Gold Saffron Face Wash BAIDYABOOTI,BAIDYABOOTI
BB Milk Papaya Face Wash BAIDYABOOTI,BAIDYABOOTI
BB Anti Tan Scrub BAIDYABOOTI,BAIDYABOOTI
BB Apricot Scrub BAIDYABOOTI,BAIDYABOOTI
2 deep red vive SHILPA,SHILPA
Shilpa color Brust 11 SHILPA,SHILPA
2.5 Deep Red Vive SHILPA,SHILPA
3 Deep Red Vive SHILPA,SHILPA
4 Deep Red Vive SHILPA,SHILPA
5 Deep Red Vive SHILPA,SHILPA
6 Deep Red Vive SHILPA,SHILPA
7 Deep Red Vive SHILPA,SHILPA
8 Deep Red Vive SHILPA,SHILPA
2 Red Vive SHILPA,SHILPA
2.5 Red Vive SHILPA,SHILPA
3 Red Vive SHILPA,SHILPA
4 Red Vive SHILPA,SHILPA
6 Red Vive SHILPA,SHILPA
7 Red vive SHILPA,SHILPA
5 Red Vive SHILPA,SHILPA
8 Red Vive SHILPA,SHILPA
Red Sheer Kumkum SHILPA,SHILPA
White Sheer Kumkum SHILPA,SHILPA
Shilpa Colour Brust 7 SHILPA,SHILPA
Deep Red sheer Kumkum SHILPA,SHILPA
Shilpa Allure Kajal SHILPA,SHILPA
Internal Sindur SHILPA,SHILPA
Maxx  Blaze LAYERR SHOT,LAYERR SHOT
Maxx Flair LAYERR SHOT,LAYERR SHOT
Maxx Flick LAYERR SHOT,LAYERR SHOT
Maxx Trend LAYERR SHOT,LAYERR SHOT
Maxx Voyage LAYERR SHOT,LAYERR SHOT
Maxx Rage LAYERR SHOT,LAYERR SHOT
Shot Deep Desire LAYERR SHOT,LAYERR SHOT
Shot Power Play LAYERR SHOT,LAYERR SHOT
Shot Royal Jade LAYERR SHOT,LAYERR SHOT
Shot Red Stelon LAYERR SHOT,LAYERR SHOT
Wotta Girl Amber Kiss LAYERR SHOT,LAYERR SHOT
wotta Girl Deep Speace LAYERR SHOT,LAYERR SHOT
Wotta Girl Mystic Island LAYERR SHOT,LAYERR SHOT
Wotta girl Pink Angel LAYERR SHOT,LAYERR SHOT
Wotta Girl Pure Paradise LAYERR SHOT,LAYERR SHOT
Wotta Girl Secret crush LAYERR SHOT,LAYERR SHOT
Wotta Girl Spellbound LAYERR SHOT,LAYERR SHOT
Wotta Girl Vanilla Twist LAYERR SHOT,LAYERR SHOT
Shot Bullet Ammo LAYERR SHOT,LAYERR SHOT
Shot Bullet Bang LAYERR SHOT,LAYERR SHOT
Shot Bullete Burst LAYERR SHOT,LAYERR SHOT
Shot Bullete Relod LAYERR SHOT,LAYERR SHOT
Shot Iconic LAYERR SHOT,LAYERR SHOT
Fogg Flyer Flash 100 gm FOGG,FOGG
Fogg Flyer Marvel 100 gm FOGG,FOGG
Fogg Flyer Thrill 100 gm FOGG,FOGG
Fogg Mobile Pack Amaze 25ml FOGG,FOGG
Fogg mobile Pack Charm 25 ml FOGG,FOGG
Fogg Mobile Pack Relish 25 ml FOGG,FOGG
Fogg Mobile Pack Solace 25 ml FOGG,FOGG
AAROGYA BISCUITS(PK 100)-T Patanjali,Patanjali
ABHRAK BHASM 10 G Patanjali,Patanjali
ABHRAK BHASM 5 G Patanjali,Patanjali
AJWAIN WITH ALOEVERA 100 G Patanjali,Patanjali
ALOEVERA JUICE 1 L (FIBRE) Patanjali,Patanjali
ALOEVERA JUICE 1 L (ORANGE)-T Patanjali,Patanjali
ALOEVERA JUICE 1 L (PLAIN) Patanjali,Patanjali
ALOEVERA JUICE FIBRE (ORANGE FLAV.) 1 L Patanjali,Patanjali
AMLA ALOEVERA LITCHI 65 ML Patanjali,Patanjali
AMLA AMRIT 65 ML Patanjali,Patanjali
AMLA CANDY 500 G Patanjali,Patanjali
AMLA CHATPATA CANDY 500 G Patanjali,Patanjali
AMLA JUICE 1 L Patanjali,Patanjali
AMLA JUICE 500 ML Patanjali,Patanjali
AMLA KHATTI MEETHI CHUTNEY 500 G Patanjali,Patanjali
AMLA MURABBA 1 KG Patanjali,Patanjali
AMLA PICKLE 1 KG Patanjali,Patanjali
AMRIT RASAYAN 1 KG Patanjali,Patanjali
AMRIT RASAYAN 500 G Patanjali,Patanjali
ANARDANA CHURAN 100 G Patanjali,Patanjali
ANARDANA GOLI 100 G Patanjali,Patanjali
ANARDANA GOLI 50 G Patanjali,Patanjali
APPLE CHUTNEY 500 G Patanjali,Patanjali
APPLE JUICE 1000 ML -T Patanjali,Patanjali
APPLE JUICE 200 ML -T Patanjali,Patanjali
APPLE MURABBA 1 KG Patanjali,Patanjali
ARJUN AMLA JUICE 500 ML Patanjali,Patanjali
BASMATI RICE 5 KG(SILVER) Patanjali,Patanjali
AROGYA VATI 40 G Patanjali,Patanjali
ASHVASHILA -5G(STRIP) Patanjali,Patanjali
ASWAGANDHA-5G(STRIP) Patanjali,Patanjali
BADAM PAK 250 G Patanjali,Patanjali
BADAM PAK 500 G Patanjali,Patanjali
BANDHANI HING 10 G -T Patanjali,Patanjali
BANDHANI HING 25 G -T Patanjali,Patanjali
BARLEY DALIA 500 G Patanjali,Patanjali
BEL CANDY 500 G Patanjali,Patanjali
BEL MURABBA 1 KG Patanjali,Patanjali
BEL SHARBAT 750 ML Patanjali,Patanjali
BESAN 500 G Patanjali,Patanjali
BLACK PEPPER POWDER 100 G Patanjali,Patanjali
BLACK PEPPER WHOLE 100 G Patanjali,Patanjali
BRAHMI SHARBAT 750 ML Patanjali,Patanjali
CAROM SEED 100 G Patanjali,Patanjali
CARROT MURABBA 1 KG Patanjali,Patanjali
CHAAT MASALA 100 G Patanjali,Patanjali
CHHOLE MASALA 100 G Patanjali,Patanjali
CHHUHARA KHATTA - MEETHA 100 G Patanjali,Patanjali
CHOCO DELITE BISCUITS 75 GM  -T Patanjali,Patanjali
CHOCOLATE SOANPAPDI 250 G-T Patanjali,Patanjali
CHYAWANPRASH 1 KG Patanjali,Patanjali
CORIANDER POWDER 100 G Patanjali,Patanjali
COWS GHEE 1 L Patanjali,Patanjali
COWS GHEE 500 ML Patanjali,Patanjali
CUMIN SEED 100 G Patanjali,Patanjali
DALIA 500 G Patanjali,Patanjali
FENUGREEK SEED 100 G Patanjali,Patanjali
GARAM MASALA 100 G Patanjali,Patanjali
GILOY AMLA JUICE 500 ML Patanjali,Patanjali
GILOY GHAN VATI 40 G Patanjali,Patanjali
GILOY JUICE 500 ML Patanjali,Patanjali
GUAVA JAM 500 G Patanjali,Patanjali
GUAVA JUICE 1000 ML-T Patanjali,Patanjali
GUAVA JUICE 200ML  - T Patanjali,Patanjali
GULAB SHARBAT 750 ML Patanjali,Patanjali
HARAD MURABBA 1 KG Patanjali,Patanjali
HING GOLI 100 G Patanjali,Patanjali
HING PEDA 100 G Patanjali,Patanjali
HING PEDA 200 G Patanjali,Patanjali
HONEY (MULTIFLORA) 250G Patanjali,Patanjali
HONEY 1 KG Patanjali,Patanjali
HONEY 250 G Patanjali,Patanjali
HONEY 500 G Patanjali,Patanjali
ISABGOL 100 G Patanjali,Patanjali
JAL JEERA 200 G Patanjali,Patanjali
JAMUN VINEGAR 500 ML Patanjali,Patanjali
JEERA KHATTI - MEETHI GOLI 100 G Patanjali,Patanjali
KADHI MASALA 100 G Patanjali,Patanjali
KAPARDHAK 10 G Patanjali,Patanjali
KARELA AMLA JUICE 500 ML Patanjali,Patanjali
KESAR 1 G Patanjali,Patanjali
KESAR BADAM SHARBAT 750 ML Patanjali,Patanjali
KHUS SHARBAT 750 ML Patanjali,Patanjali
LAUKI AMLA JUICE 1 L Patanjali,Patanjali
LEMON PICKLE 400 G Patanjali,Patanjali
LEMON SQUASH 750 ML Patanjali,Patanjali
LEUCORRHEA SYRUP 200 ML Patanjali,Patanjali
LICHI HONEY 500 G Patanjali,Patanjali
LITCHI JUICE 1000 ML-T Patanjali,Patanjali
LITCHI JUICE 200ML  - T Patanjali,Patanjali
LIV D-38 SYRUP 200 ML Patanjali,Patanjali
LIV D-38 TABLET  60 TABLETS Patanjali,Patanjali
LOHASAV 450 ML Patanjali,Patanjali
MADHURAM 1 KG Patanjali,Patanjali
MADHURAM 2 KG Patanjali,Patanjali
MANGO CANDY 250 G Patanjali,Patanjali
MANGO DRINK 1 L Patanjali,Patanjali
MANGO DRINK 500 ML Patanjali,Patanjali
MANGO JUICE 1000 ML -T Patanjali,Patanjali
MANGO JUICE 200 ML -T Patanjali,Patanjali
MANGO PANNA 750 ML Patanjali,Patanjali
MANGO SHARBAT 750 ML Patanjali,Patanjali
MANGO SQUASH 750 ML Patanjali,Patanjali
MARIE BISCUIT (300 GM) - T Patanjali,Patanjali
MARIE BISCUIT (120 GM) - T Patanjali,Patanjali
MENORRHAGIA SYRUP 200 ML Patanjali,Patanjali
METHI NIMBU 100 G Patanjali,Patanjali
MIX FRUIT JUICE 1000 ML -T Patanjali,Patanjali
MIX FRUIT JUICE 200ML  - T Patanjali,Patanjali
MIXED FRUIT JAM 500 G Patanjali,Patanjali
MUSLI PAK 200 G Patanjali,Patanjali
MUSTARD OIL 1 L (B)-T Patanjali,Patanjali
MUSTARD OIL 1 L (P)-T Patanjali,Patanjali
MUSTARD OIL 5 L (J)-T Patanjali,Patanjali
NAMAK 1 KG -T Patanjali,Patanjali
NAMKEEN BISCUITS 40 G -T Patanjali,Patanjali
NAMKEEN BISCUITS 80 G -T Patanjali,Patanjali
NARIYAL BISCUITS 100 GM -T Patanjali,Patanjali
NAVRATNA ATTA 2 KG Patanjali,Patanjali
NAVRATNA ATTA 5 KG Patanjali,Patanjali
NIMB GHAN VATI 40 G Patanjali,Patanjali
ORANGE DELITE BISCUITS -T Patanjali,Patanjali
ORANGE JUICE 1000 ML-T Patanjali,Patanjali
ORANGE JUICE 200ML  - T Patanjali,Patanjali
ORANGE SQUASH 750 ML Patanjali,Patanjali
PAV BHAJI MASALA 100 G Patanjali,Patanjali
PEEDANTAK VATI 20 G Patanjali,Patanjali
PEEDANTAK VATI 40G Patanjali,Patanjali
PINE APPLE JUICE 1000 ML-T Patanjali,Patanjali
PINE APPLE JUICE 200ML  - T Patanjali,Patanjali
PINEAPPLE JAM 500 G Patanjali,Patanjali
PMS SYRUP 200 ML Patanjali,Patanjali
PUSHTAHAR DALIA 500 G Patanjali,Patanjali
RAJMA MASALA 100 G Patanjali,Patanjali
SABZI MASALA 100 G Patanjali,Patanjali
SAMBHAR MASALA 100 G Patanjali,Patanjali
SATAVAR CHURNA 100 G Patanjali,Patanjali
SATTU 200 GM Patanjali,Patanjali
SATTU 500 GM Patanjali,Patanjali
SHAHI PANEER MASALA 100 G Patanjali,Patanjali
SHANKH BHASM 10 G Patanjali,Patanjali
SHILAJIT - 5G (STRIP) Patanjali,Patanjali
SHODHIT HARAD 100 G Patanjali,Patanjali
SHVET MUSLI CHURNA 100 G Patanjali,Patanjali
SOANPAPDI (ELAICHI) 250 G-T Patanjali,Patanjali
SOANPAPDI (ORANGE) 250 G-T Patanjali,Patanjali
SPECIAL CHYAWANPRASH 1 KG Patanjali,Patanjali
SPECIAL CHYAWANPRASH 500 G Patanjali,Patanjali
SPECIAL THANDAI 750 ML Patanjali,Patanjali
TOMATO KETCHUP WITH ONION GARLIC 500 GM Patanjali,Patanjali
TOMATO KETCHUP 500 G(W/O ONION GARLIC) Patanjali,Patanjali
TULSI GHAN VATI 40 G Patanjali,Patanjali
TULSI PANCHANG JUICE 500 ML Patanjali,Patanjali
TURMERIC POWDER 100 G Patanjali,Patanjali
WHOLE WHEAT ATTA 10 KG -T (N.RGN) Patanjali,Patanjali
WHOLE WHEAT ATTA 5 KG -T (N.RGN) Patanjali,Patanjali
COWS WHOLE MILK POWDER 200-GM Patanjali,Patanjali
YOUVAN CHURAN 100 G Patanjali,Patanjali
PAPAD KALI MIRCH  - T Patanjali,Patanjali
CORIANDER POWDER 200 GM Patanjali,Patanjali
RED CHILLI POWDER 200 GM Patanjali,Patanjali
TURMERIC POWDER 200 GM Patanjali,Patanjali
CORN FLAKES MIX 250 GM  - T Patanjali,Patanjali
CORN FLAKES MIX 500GM  - T Patanjali,Patanjali
ELAICHI DELITE BISCUITS -T Patanjali,Patanjali
COWS GHEE 5 LTR Patanjali,Patanjali
NAMKEEN MOONG DAL 200 GM - T Patanjali,Patanjali
GUR WITH PEANUT & TILL Patanjali,Patanjali
COWS GHEE 15 LTR Patanjali,Patanjali
CHOCOS 125 GMS  - T Patanjali,Patanjali
CHOCOS 250 GMS  - T Patanjali,Patanjali
COWS GHEE 200 ML Patanjali,Patanjali
LITCHI DRINK 65 ML Patanjali,Patanjali
MANGO DRINK 65 ML Patanjali,Patanjali
GUAVA JUICE 65 ML Patanjali,Patanjali
THANDAI POWDER 500 GM Patanjali,Patanjali
NAT KHAT BISCUIT 40 GM  - T Patanjali,Patanjali
NAT KHAT BISCUIT 80 GM  - T Patanjali,Patanjali
MUESLI FRUIT & NUT 200G-T Patanjali,Patanjali
MUESLI FRUIT & NUT 450G-T Patanjali,Patanjali
IODIZED NAMAK 1 KG -T Patanjali,Patanjali
IODIZED NAMAK 500 GM -T Patanjali,Patanjali
NUTTY DELITE BISCUITS - 70 GM Patanjali,Patanjali
OATS 200GM  - T Patanjali,Patanjali
OATS 500GM  - T Patanjali,Patanjali
BURA 1 KG Patanjali,Patanjali
LEMON DRINK 500 ML Patanjali,Patanjali
PAPAD PUDINA Patanjali,Patanjali
BASMATI RICE 5 KG (GOLD) Patanjali,Patanjali
BASMATI RICE 5 KG (DIAMOND) Patanjali,Patanjali
CHANA DAL 500 GM (R1) Patanjali,Patanjali
CHANA DAL 1000 GM (R1) Patanjali,Patanjali
MOONG SABUT 500 GM (R1) Patanjali,Patanjali
MOONG SABUT 1000 GM (R1) Patanjali,Patanjali
MOONG CHILKA 500 GM (R1) Patanjali,Patanjali
MOONG CHILKA 1000 GM (R1) Patanjali,Patanjali
MOONG DHULI 500 GM (R1) Patanjali,Patanjali
MOONG DHULI 1000 GM (R1) Patanjali,Patanjali
TUVAR DAL 500 GM (R1) Patanjali,Patanjali
TUVAR DAL 1000 GM (R1) Patanjali,Patanjali
MALKA MASOOR 500 GM (R1) Patanjali,Patanjali
MALKA MASOOR 1000 GM (R1) Patanjali,Patanjali
KALA CHANA 500 GM (R1) Patanjali,Patanjali
KALA CHANA 1000 GM (R1) Patanjali,Patanjali
RAJMA 500 GM (R1) Patanjali,Patanjali
RAJMA 1000 GM (R1) Patanjali,Patanjali
KABULI CHANA 500 GM (R1) Patanjali,Patanjali
KABULI CHANA 1000 GM (R1) Patanjali,Patanjali
MIX DAL 500 GM (R1) Patanjali,Patanjali
MIX DAL 1000 GM (R1) Patanjali,Patanjali
ATTA NOODLES-70 GM-T Patanjali,Patanjali
CHANA DAL 500 GM (R2) Patanjali,Patanjali
CHANA DAL 1000 GM (R2) Patanjali,Patanjali
MOONG SABUT 500 GM (R2) Patanjali,Patanjali
MOONG SABUT 1000 GM (R2) Patanjali,Patanjali
MOONG CHILKA 500 GM (R2) Patanjali,Patanjali
MOONG CHILKA 1000 GM (R2) Patanjali,Patanjali
MOONG DHULI 500 GM (R2) Patanjali,Patanjali
MOONG DHULI 1000 GM (R2) Patanjali,Patanjali
TUVAR DAL 500 GM (R2) Patanjali,Patanjali
TUVAR DAL 1000 GM (R2) Patanjali,Patanjali
MALKA MASOOR 500 GM (R2) Patanjali,Patanjali
MALKA MASOOR 1000 GM (R2) Patanjali,Patanjali
KALA CHANA 500 GM (R2) Patanjali,Patanjali
KALA CHANA 1000 GM (R2) Patanjali,Patanjali
RAJMA 500 GM (R2) Patanjali,Patanjali
RAJMA 1000 GM (R2) Patanjali,Patanjali
KABULI CHANA 500 GM (R2) Patanjali,Patanjali
KABULI CHANA 1000 GM (R2) Patanjali,Patanjali
MIX DAL 500 GM (R2) Patanjali,Patanjali
MIX DAL 1000 GM (R2) Patanjali,Patanjali
BASMATI RICE 1 KG(SILVER) Patanjali,Patanjali
BASMATI RICE 1 KG (GOLD) Patanjali,Patanjali
BASMATI RICE 1 KG (DIAMOND) Patanjali,Patanjali
SOANPAPDI (PURE GHEE ELAICHI) 250G-T Patanjali,Patanjali
SOANPAPDI (ELAICHI) 500G-T Patanjali,Patanjali
SOANPAPDI (PURE GHEE ELAICHI) 500G-T Patanjali,Patanjali
NUTTY DELITE BISCUITS - 100 GM Patanjali,Patanjali
JEERA BITES BISCUITS (65 GM) -T Patanjali,Patanjali
SOANPAPDI (CHOCO ELAICHI) 250G-T Patanjali,Patanjali
SOANPAPDI COMBO (PURE GHEE ELA+CHOC) 500 Patanjali,Patanjali
RASGULLA 1 KG Patanjali,Patanjali
SOANPAPDI COMBO (PURE GHEE ELA+ORA) 500G Patanjali,Patanjali
WHEAT GRASS POWDER 100 GM-T Patanjali,Patanjali
DOODH BISCUITS (100 GM) -T Patanjali,Patanjali
YOUVAN GOLD PLUS CAPSULE Patanjali,Patanjali
CHOCOS-30 GM Patanjali,Patanjali
CHANA DAL 35-GM Patanjali,Patanjali
PINEAPPLE CANDY-250 GM Patanjali,Patanjali
COWS WHOLE MILK POWDER 500-GM Patanjali,Patanjali
HERBAL POWERVITA - 500 GM-T Patanjali,Patanjali
ENERGY BAR WITH CHOCO CHIPS-40GM Patanjali,Patanjali
SUPER STAR COW'S MILK BAR - 40GM Patanjali,Patanjali
SUPER STAR COW MILK BAR WITH ALMONDS-40G Patanjali,Patanjali
ENERGY BAR WITH STRAWBERRY CHUNKS-40GM Patanjali,Patanjali
ENERGY BAR WITH ORANGE PEEL-40GM Patanjali,Patanjali
TURMERIC POWDER 500 GM Patanjali,Patanjali
ATTA NOODLES CHATPATA-60 GM-T Patanjali,Patanjali
NAMKEEN BISCUITS 125 GM -T Patanjali,Patanjali
DIGESTIVE WHOLE WHEAT BISCUIT 250 GM - T Patanjali,Patanjali
DOODH BISCUITS (50 GM) -T Patanjali,Patanjali
ATTA NOODLES CLASSIC-60 GM-T Patanjali,Patanjali
APPLE BEVERAGE- 200 ML Patanjali,Patanjali
MANGO BEVERAGE- 200 ML Patanjali,Patanjali
LITCHI BEVERAGE- 200 ML Patanjali,Patanjali
GUAVA BEVERAGE- 200 ML Patanjali,Patanjali
MIXED FRUIT BEVERAGE- 200 ML Patanjali,Patanjali
NARIYAL BISCUITS 300 GM-T Patanjali,Patanjali
HERBAL POWERVITA - 20 GM-T Patanjali,Patanjali
COWS WHOLE MILK POWDER 20-GM Patanjali,Patanjali
DAIRY WHITENER - 200 GM Patanjali,Patanjali
CORIANDER POWDER 500 GM Patanjali,Patanjali
LEMON DRINK 250 ML Patanjali,Patanjali
LEH FRUIT BEVERAGE 65 ML Patanjali,Patanjali
CHOCO FLAKES - 30 GM Patanjali,Patanjali
HERBAL POWERVITA - 500 GM REFILL-T Patanjali,Patanjali
MASALA OATS 200GM  - T Patanjali,Patanjali
TOMATO OATS 200GM  - T Patanjali,Patanjali
NAMKEEN CHANA DAL 30 GM  - T Patanjali,Patanjali
TOMATO OATS 40 GM  - T Patanjali,Patanjali
WHOLE WHEAT ATTA 2 KG -T (AS) Patanjali,Patanjali
WHOLE WHEAT ATTA 2 KG -T (WB) Patanjali,Patanjali
UTSAV ENERGY BAR GIFT PACK - 200 GM Patanjali,Patanjali
WHOLE WHEAT ATTA 2 KG -T (OD) Patanjali,Patanjali
UTSAV FRUIT JUICE GIFT PACK 200 ML Patanjali,Patanjali
UTSAV FRUIT JUICE GIFT PACK 1000 ML Patanjali,Patanjali
GULAB JAL - 120 ML - T Patanjali,Patanjali
GULKAND - 400 GM - T Patanjali,Patanjali
SWASARI PRAVAHI - 250 ML - T Patanjali,Patanjali
BADAM ROGAN - 60 ML - T Patanjali,Patanjali
DIVYA PEY - 100 GM - T Patanjali,Patanjali
GASHER CHURAN - 100 GM - T Patanjali,Patanjali
DIVYA HERBAL PEY - 50 GM - T Patanjali,Patanjali
BADAM ROGAN - 150 ML - T Patanjali,Patanjali
SUPER BASMATI RICE 1 KG  - T Patanjali,Patanjali
SUPER BASMATI RICE 5 KG  - T Patanjali,Patanjali
SUPER BASMATI RICE 10 KG  - T Patanjali,Patanjali
SPECIAL BASMATI RICE 1 KG - T Patanjali,Patanjali
SPECIAL BASMATI RICE 5 KG Patanjali,Patanjali
SPECIAL BASMATI RICE 10 KG  - T Patanjali,Patanjali
TIBAR BASMATI RICE 1 KG  - T Patanjali,Patanjali
TIBAR BASMATI RICE 5 KG  - T Patanjali,Patanjali
DUBAR BASMATI RICE 1 KG  - T Patanjali,Patanjali
DUBAR BASMATI RICE 5 KG  - T Patanjali,Patanjali
SONA MASOORI RICE 1 KG  - T Patanjali,Patanjali
SONA MASOORI RICE 5 KG  - T Patanjali,Patanjali
SONA MASOORI RICE 10 KG  - T Patanjali,Patanjali
SONA MASOORI RICE 25 KG  - T Patanjali,Patanjali
ROYAL SONA MASOORI RICE 1 KG  - T Patanjali,Patanjali
ROYAL SONA MASOORI RICE 5 KG  - T Patanjali,Patanjali
ROYAL SONA MASOORI RICE 10 KG  - T Patanjali,Patanjali
ROYAL SONA MASOORI RICE 25 KG  - T Patanjali,Patanjali
LASHKARI KOLAM RICE 1 KG  - T Patanjali,Patanjali
LASHKARI KOLAM RICE 5 KG  - T Patanjali,Patanjali
LASHKARI KOLAM RICE 10 KG  - T Patanjali,Patanjali
LASHKARI KOLAM RICE 25 KG  - T Patanjali,Patanjali
SONA MASOORI BROWN RICE POUCH 1 KG  - T Patanjali,Patanjali
BROWN BASMATI RICE JAR 1 KG Patanjali,Patanjali
BROWN BASMATI RICE POUCH 1 KG Patanjali,Patanjali
SAMPOORN TRADITIONAL BASMATI RICE 1 KG Patanjali,Patanjali
SAMPOORN TRADITIONAL BASMATI RICE 5 KG Patanjali,Patanjali
SAMRIDHHI BASMATI RICE 1 KG Patanjali,Patanjali
SAMRIDHHI BASMATI RICE 5 KG Patanjali,Patanjali
SHAKTI XXL BASMATI RICE 1 KG Patanjali,Patanjali
SHAKTI XXL BASMATI RICE 5 KG Patanjali,Patanjali
SHAKTI XXL BASMATI RICE 10 KG Patanjali,Patanjali
SHAKTI XXL BASMATI RICE 25 KG Patanjali,Patanjali
DHANSHREE BASMATI RICE 1 KG Patanjali,Patanjali
DHANSHREE BASMATI RICE 5 KG Patanjali,Patanjali
ROZANA BASMATI RICE 1 KG Patanjali,Patanjali
ROZANA BASMATI RICE 5 KG Patanjali,Patanjali
ROZANA BASMATI RICE 10 KG Patanjali,Patanjali
CHEF SPECIALTY GOLDEN SELLA BASMATI RICE 5 KG Patanjali,Patanjali
CHEF SP. GOLDEN SELLA BASMATI RICE 10 KG Patanjali,Patanjali
CHEF SP. GOLDEN SELLA BASMATI RICE 25 KG Patanjali,Patanjali
HERBAL POWERVITA - 200 GM-T Patanjali,Patanjali
HERBAL POWERVITA - 100 GM-T Patanjali,Patanjali
MISSI ATTA-1KG Patanjali,Patanjali
MASALA OATS 40 GM  - T Patanjali,Patanjali
SUPER STAR COW'S MILK BAR - 18GM Patanjali,Patanjali
ENERGY BAR WITH STRAWBERRY CHUNKS-18GM Patanjali,Patanjali
ENERGY BAR WITH ORANGE PEEL-18GM Patanjali,Patanjali
ENERGY BAR WITH CHOCO CHIPS-18GM Patanjali,Patanjali
SUPER STAR COW MILK BAR WITH ALMONDS-18G Patanjali,Patanjali
ATTA NOODLES CHATPATA F.PACK 240-G - T Patanjali,Patanjali
WHITE PEAS 500 GM (R1) Patanjali,Patanjali
WHITE PEAS 1000 GM (R1) Patanjali,Patanjali
RAJMA SHARMILI 500 GM (R1) Patanjali,Patanjali
RAJMA SHARMILI 1000 GM (R1) Patanjali,Patanjali
URAD CHILKA 500 GM (R1) Patanjali,Patanjali
URAD CHILKA 1000 GM (R1) Patanjali,Patanjali
BLACK MASOOR 500 GM (R1) Patanjali,Patanjali
BLACK MASOOR 1000 GM (R1) Patanjali,Patanjali
URAD WHOLE 500 GM (R1) Patanjali,Patanjali
URAD WHOLE 1000 GM (R1) Patanjali,Patanjali
URAD DHULI 500 GM (R1) Patanjali,Patanjali
URAD DHULI 1000 GM (R1) Patanjali,Patanjali
WHITE PEAS 500 GM (R2) Patanjali,Patanjali
WHITE PEAS 1000 GM (R2) Patanjali,Patanjali
RAJMA SHARMILI 500 GM (R2) Patanjali,Patanjali
RAJMA SHARMILI 1000 GM (R2) Patanjali,Patanjali
URAD CHILKA 500 GM (R2) Patanjali,Patanjali
URAD CHILKA 1000 GM (R2) Patanjali,Patanjali
BLACK MASOOR 500 GM (R2) Patanjali,Patanjali
BLACK MASOOR 1000 GM (R2) Patanjali,Patanjali
URAD WHOLE 500 GM (R2) Patanjali,Patanjali
URAD WHOLE 1000 GM (R2) Patanjali,Patanjali
URAD DHULI 500 GM (R2) Patanjali,Patanjali
URAD DHULI 1000 GM (R2) Patanjali,Patanjali
MASALA OATS 400 GM  - T Patanjali,Patanjali
TOMATO OATS 400 GM  - T Patanjali,Patanjali
CHANA DAL PAPAD 200 GM - T Patanjali,Patanjali
NAMKEEN MOONG DAL 40 GM - T Patanjali,Patanjali
TOMATO KETCHUP 1 KG  - T Patanjali,Patanjali
TOMATO KETCHUP 1 KG(W/O ONION GARLIC)-T Patanjali,Patanjali
TOMATO KETCHUP 500 G - T Patanjali,Patanjali
TOMATO KETCHUP 500 G(W/O ONION GARLIC)-T Patanjali,Patanjali
TOMATO KETCHUP W/O ONION & GARLIC 1 KG Patanjali,Patanjali
TOMATO KETCHUP WITH ONION & GARLIC 1 KG Patanjali,Patanjali
SHARBATI WHOLE WHEAT ATTA 01 KG -T Patanjali,Patanjali
SHARBATI WHOLE WHEAT ATTA 05 KG -T Patanjali,Patanjali
EXTRA FIBRE ATTA-1KG Patanjali,Patanjali
METHI ATTA-1KG Patanjali,Patanjali
DOODH BISCUITS (300 GM) -T Patanjali,Patanjali
BUTTER COOKIES TIN (400 GM) -T Patanjali,Patanjali
RICE BRAN OIL 1 LTR (B) Patanjali,Patanjali
RICE BRAN OIL 5 LTR (J) Patanjali,Patanjali
RICE BRAN OIL 1 LTR (P) Patanjali,Patanjali
WHOLE WHEAT ATTA 1 KG -T (1x30) (AP) Patanjali,Patanjali
WHOLE WHEAT ATTA 1 KG -T (1x30) (AS) Patanjali,Patanjali
WHOLE WHEAT ATTA 1 KG -T (1x30) (GO) Patanjali,Patanjali
WHOLE WHEAT ATTA 1 KG -T (1x30) (KA) Patanjali,Patanjali
WHOLE WHEAT ATTA 1 KG -T (1x30) (MH) Patanjali,Patanjali
WHOLE WHEAT ATTA 1 KG -T (1x30) (OD) Patanjali,Patanjali
WHOLE WHEAT ATTA 1 KG -T (1x30) (TL) Patanjali,Patanjali
WHOLE WHEAT ATTA 1 KG -T (1x30) (WB) Patanjali,Patanjali
WHOLE WHEAT ATTA 1 KG -T (1x30) (TS) Patanjali,Patanjali
WHOLE WHEAT ATTA 1 KG -T (1x30) (KE) Patanjali,Patanjali
COUGH DROP GINGER - 750 GM - T Patanjali,Patanjali
COUGH DROP HONEY - 750 GM - T Patanjali,Patanjali
COUGH DROP ORANGE -750 GM - T Patanjali,Patanjali
COUGH DROP MINT -750 GM - T Patanjali,Patanjali
COLD RELIEF INHALER -200 GM - T Patanjali,Patanjali
MARIE BISCUIT (100 GM) - T Patanjali,Patanjali
MARIE BISCUIT (250 GM) - T Patanjali,Patanjali
WHOLE WHEAT ATTA 2 KG -T (GJ) Patanjali,Patanjali
WHOLE WHEAT ATTA 10 KG -T (10x3) (AP) Patanjali,Patanjali
WHOLE WHEAT ATTA 10 KG -T (10x3)(AS) Patanjali,Patanjali
WHOLE WHEAT ATTA 10 KG -T (10x3)(BI) Patanjali,Patanjali
WHOLE WHEAT ATTA 10 KG -T (10x3)(CHT) Patanjali,Patanjali
WHOLE WHEAT ATTA 10 KG -T (10x3) (GJ) Patanjali,Patanjali
WHOLE WHEAT ATTA 10 KG -T (10x3)(GO) Patanjali,Patanjali
WHOLE WHEAT ATTA 10 KG -T (10x3) (JH) Patanjali,Patanjali
WHOLE WHEAT ATTA 10 KG -T (10x3) (KA) Patanjali,Patanjali
WHOLE WHEAT ATTA 10 KG -T (10x3) (MH) Patanjali,Patanjali
WHOLE WHEAT ATTA 10 KG -T (10x3) (MP) Patanjali,Patanjali
WHOLE WHEAT ATTA 10 KG -T (10x3)(N.RGN) Patanjali,Patanjali
WHOLE WHEAT ATTA 10 KG -T (10x3) (OD) Patanjali,Patanjali
WHOLE WHEAT ATTA 10 KG -T (10x3) (TL) Patanjali,Patanjali
WHOLE WHEAT ATTA 10 KG -T (10x3)(WB) Patanjali,Patanjali
WHOLE WHEAT ATTA 10 KG -T (10x3) (TS) Patanjali,Patanjali
WHOLE WHEAT ATTA 10 KG -T (10x3) (KE) Patanjali,Patanjali
WHOLE WHEAT ATTA 5 KG -T (5x6) (AP) Patanjali,Patanjali
WHOLE WHEAT ATTA 5 KG -T (5x6) (AS) Patanjali,Patanjali
WHOLE WHEAT ATTA 5 KG -T (5x6)(BI) Patanjali,Patanjali
WHOLE WHEAT ATTA 5 KG -T (5x6)(CHT) Patanjali,Patanjali
WHOLE WHEAT ATTA 5 KG -T (5x6) (GJ) Patanjali,Patanjali
WHOLE WHEAT ATTA 5 KG -T (5x6) (GO) Patanjali,Patanjali
WHOLE WHEAT ATTA 5 KG -T (5x6) (JH) Patanjali,Patanjali
WHOLE WHEAT ATTA 5 KG -T (5x6)(KA) Patanjali,Patanjali
WHOLE WHEAT ATTA 5 KG -T (5x6)(MH) Patanjali,Patanjali
WHOLE WHEAT ATTA 5 KG -T (5x6) (MP) Patanjali,Patanjali
WHOLE WHEAT ATTA 5 KG -T (5x6) (N.RGN) Patanjali,Patanjali
WHOLE WHEAT ATTA 5 KG -T (5x6) (OD) Patanjali,Patanjali
WHOLE WHEAT ATTA 5 KG -T (5x6) (TL) Patanjali,Patanjali
WHOLE WHEAT ATTA 5 KG -T (5x6) (WB) Patanjali,Patanjali
WHOLE WHEAT ATTA 5 KG -T (5x6) (TS) Patanjali,Patanjali
WHOLE WHEAT ATTA 5 KG -T (5x6) (KE) Patanjali,Patanjali
WHOLE WHEAT ATTA 2 KG -T (2x15)(AP) Patanjali,Patanjali
WHOLE WHEAT ATTA 2 KG -T (2x15) (AS) Patanjali,Patanjali
WHOLE WHEAT ATTA 2 KG -T (2x15) (GO) Patanjali,Patanjali
WHOLE WHEAT ATTA 2 KG -T (2x15) (KA) Patanjali,Patanjali
WHOLE WHEAT ATTA 2 KG -T (2x15) (MH) Patanjali,Patanjali
WHOLE WHEAT ATTA 2 KG -T (2x15) (OD) Patanjali,Patanjali
WHOLE WHEAT ATTA 2 KG -T (2x15) (TL) Patanjali,Patanjali
WHOLE WHEAT ATTA 2 KG -T (2x15) (WB) Patanjali,Patanjali
WHOLE WHEAT ATTA 2 KG -T (2x15) (TS) Patanjali,Patanjali
WHOLE WHEAT ATTA 2 KG -T (2x15) (KE) Patanjali,Patanjali
AMLA ALOEVERA JUICE WHEAT GRASS 500ML Patanjali,Patanjali
WHOLE WHEAT ATTA 2 KG -T (2x15) (BI) Patanjali,Patanjali
WHOLE WHEAT ATTA 2 KG -T (2x15) (GJ) Patanjali,Patanjali
WHOLE WHEAT ATTA 1 KG -T (1x30)(BI) Patanjali,Patanjali
WHOLE WHEAT ATTA 1 KG -T (1x30) (GJ) Patanjali,Patanjali
WHOLE WHEAT ATTA 1 KG -T (1x30) (CHT) Patanjali,Patanjali
WHOLE WHEAT ATTA 2 KG -T (2x15) (CHT) Patanjali,Patanjali
GROUNDNUT OIL 1 LTR (B) - T Patanjali,Patanjali
GROUNDNUT OIL 1 LTR (P) - T Patanjali,Patanjali
GROUNDNUT OIL 5 LTR (J) - T Patanjali,Patanjali
RICE BRAN OIL 1 LTR (B) - T Patanjali,Patanjali
RICE BRAN OIL 1 LTR (P) - T Patanjali,Patanjali
RICE BRAN OIL 5 LTR (J) - T Patanjali,Patanjali
NARI SUDHA SYRUP - 200 ML Patanjali,Patanjali
DIABETIC ATTA-1KG Patanjali,Patanjali
OATS DALIA - 200 GM (T) Patanjali,Patanjali
OATS DALIA - 400 GM (T) Patanjali,Patanjali
NUTTY DELITE BISCUITS -66 GM - T Patanjali,Patanjali
WHITE CHOCOLATE - 25 GM Patanjali,Patanjali
WHITE CHOCOLATE - 50 GM Patanjali,Patanjali
WHITE CHOCOLATE WITH RICE CRISPS - 25 GM Patanjali,Patanjali
WHITE CHOCOLATE WITH RICE CRISPS - 50 GM Patanjali,Patanjali
WHITE CHOCOLATE ROASTED NUT & RAISIN-25G Patanjali,Patanjali
WHITE CHOCOLATE ROASTED NUT & RAISIN-50G Patanjali,Patanjali
ATTA NOODLES VEGGIE - 60 GM-T Patanjali,Patanjali
ATTA NOODLES CLASSIC F.PACK 240 G  - T Patanjali,Patanjali
PINEAPPLE BEVERAGES - 200 ML Patanjali,Patanjali
GLUCOSHAKTI REGULAR (75+50) GM Patanjali,Patanjali
GLUCOSHAKTI REGULAR (200+50) GM Patanjali,Patanjali
GLUCOSHAKTI REGULAR (500+50) GM Patanjali,Patanjali
MANGO DRINK 250 ML Patanjali,Patanjali
CHANDRAPRABHA VATI - 120 TAB Patanjali,Patanjali
CHANDRAPRABHA VATI - 40 TAB Patanjali,Patanjali
CHANDRAPRABHA VATI - 80 TAB Patanjali,Patanjali
DIVYA CHURNA -100GM Patanjali,Patanjali
DIVYA HRIDYAMRIT VATI EX. POWER 120 TAB Patanjali,Patanjali
DIVYA HRIDYAMRIT VATI EXTRA POWER 60 TAB Patanjali,Patanjali
DIVYA KAYAKALP VATI EXTRA POWER 160 TAB Patanjali,Patanjali
DIVYA KAYAKALP VATI EXTRA POWER 80 TAB Patanjali,Patanjali
DIVYA MADHUNASHNI VATI EX.POWER 30X4 TAB Patanjali,Patanjali
DIVYA MEDHA VATI EX.POWER 30X4 TAB Patanjali,Patanjali
DIVYA MEDOHAR VATI -100 TAB Patanjali,Patanjali
DIVYA MUKTA VATI EXTRA POWER 30X4 TAB Patanjali,Patanjali
TRIPHALA CHURNA -100GM Patanjali,Patanjali
DIVYA UDARKALP CHURNA -100GM Patanjali,Patanjali
TOMATO KETCHUP WITH ONION & GARLIC 200 G Patanjali,Patanjali
TOMATO KETCHUP W/O ONION & GARLIC 200 G Patanjali,Patanjali
AMLA MURABBA 1 KG (TIN PACK) Patanjali,Patanjali
ATTA 25 KG (BULK) Patanjali,Patanjali
ATTA 50 KG (BULK) Patanjali,Patanjali
BESAN 25 KG (BULK) Patanjali,Patanjali
BESAN 35 KG (BULK) Patanjali,Patanjali
PAPAD KALI MIRCH (HAND MADE) - T Patanjali,Patanjali
PAPAD PUDHINA (HAND MADE) - T Patanjali,Patanjali
HARD BOILED CANDY- KACHA AAM (JAR) -T Patanjali,Patanjali
ORANGE BEVERAGES - 200 ML Patanjali,Patanjali
NUTTY DELITE BISCUITS - 200 GM - T Patanjali,Patanjali
NUTTY DELITE BISCUITS -66 GM - T(100 PC) Patanjali,Patanjali
SPECIAL BASMATI RICE 1 KG Patanjali,Patanjali
MARIE BISCUIT 100G X 100 PCS Patanjali,Patanjali
NAMKEEN BISCUIT 80G X 50 PCS Patanjali,Patanjali
JEERA COOKIES 200G X 24 PCS Patanjali,Patanjali
SHAKTI RICE XXL 10 KG (T) Patanjali,Patanjali
SHAKTI RICE XXL 10 KG (NT) Patanjali,Patanjali
SHAKTI RICE XXL TIBAR 10 KG (T) Patanjali,Patanjali
SHAKTI RICE XXL TIBAR 10 KG (NT) Patanjali,Patanjali
SHAKTI RICE XXL DUBAR 10 KG (T) Patanjali,Patanjali
SHAKTI RICE XXL DUBAR 10 KG (NT) Patanjali,Patanjali
SHAKTI RICE XXL MOGRA 10 KG (T) Patanjali,Patanjali
SHAKTI RICE XXL MOGRA 10 KG (NT) Patanjali,Patanjali
SHAKTI RICE XXL MINI MOGRA 10 KG (T) Patanjali,Patanjali
SHAKTI RICE XXL MINI MOGRA 10 KG (NT) Patanjali,Patanjali
SHAKTI RICE XXL 25 KG (T) Patanjali,Patanjali
SHAKTI RICE XXL 25 KG (NT) Patanjali,Patanjali
SHAKTI RICE XXL TIBAR 25 KG (T) Patanjali,Patanjali
SHAKTI RICE XXL TIBAR 25 KG (NT) Patanjali,Patanjali
SHAKTI RICE XXL DUBAR 25 KG (T) Patanjali,Patanjali
SHAKTI RICE XXL DUBAR 25 KG  (NT) Patanjali,Patanjali
SHAKTI RICE XXL MOGRA 25 KG (T) Patanjali,Patanjali
SHAKTI RICE XXL MOGRA 25 KG (NT) Patanjali,Patanjali
SHAKTI RICE XXL MINI MOGRA 25 KG (T) Patanjali,Patanjali
SHAKTI RICE XXL MINI MOGRA 25 KG (NT) Patanjali,Patanjali
DHANASHREE BASMATI RICE 10 KG (T) Patanjali,Patanjali
DHANASHREE MASMATI RICE 10 KG (NT) Patanjali,Patanjali
ROZANA BASMATI 10 KG (T) Patanjali,Patanjali
ROZANA BASMATI 10 KG (NT) Patanjali,Patanjali
SONA MASOORI RICE 10 KG (T) Patanjali,Patanjali
SONA MASOORI RICE 10 KG (NT) Patanjali,Patanjali
LASHKARI KOLAM 10 KG (T) Patanjali,Patanjali
LASHKARI KOLAM 10 KG (NT) Patanjali,Patanjali
ROYAL SONA MASOORI RICE 10 KG (T) Patanjali,Patanjali
ROYAL SONA MASOORI RICE 10 KG (NT) Patanjali,Patanjali
DHANASHREE BASMATI RICE 25 KG (T) Patanjali,Patanjali
DHANASHREE BASMATI RICE 25 KG (NT) Patanjali,Patanjali
ROZANA BASMATI 25 KG (T) Patanjali,Patanjali
ROZANA BASMATI 25 KG (NT) Patanjali,Patanjali
SONA MASOORI RICE 25 KG (T) Patanjali,Patanjali
SONA MASOORI RICE 25 KG (NT) Patanjali,Patanjali
LASHKARI KOLAM 25 KG (T) Patanjali,Patanjali
LASHKARI KOLAM 25 KG (NT) Patanjali,Patanjali
ROYAL SONA MASOORI RICE 25 KG (T) Patanjali,Patanjali
ROYAL SONA MASOORI RICE 25 KG (NT) Patanjali,Patanjali
MOSAMBI DRINK 500 ML Patanjali,Patanjali
MOSAMBI DRINK 250 ML Patanjali,Patanjali
SUNFLOWER OIL 1 LTR. (B) Patanjali,Patanjali
SUNFLOWER OIL 1 LTR. (P) Patanjali,Patanjali
SUNFLOWER OIL 5 LTR. (J) Patanjali,Patanjali
SOYABEAN OIL 1 LTR. (B) Patanjali,Patanjali
SOYABEAN OIL 1 LTR. (P) Patanjali,Patanjali
SOYABEAN OIL 5 LTR. (J) Patanjali,Patanjali
SUNFLOWER OIL 15 LTR. Patanjali,Patanjali
SOYABEAN OIL 15 LTR. Patanjali,Patanjali
MUSTARD OIL 1 LTR. (B) Patanjali,Patanjali
MUSTARD OIL 1 LTR. (P) Patanjali,Patanjali
MUSTARD OIL 5 LTR. (J) Patanjali,Patanjali
BUTTER COOKIES (75 GM) -T Patanjali,Patanjali
LIV-AMRIT SYRUP - 200 ML Patanjali,Patanjali
CHEF SP.GOLDEN SELA BASMATI RICE 10KG(T) Patanjali,Patanjali
CHEF SP.GOLDEN SELA BASMATI RICE 10K(NT) Patanjali,Patanjali
CHEF SP.GOLDEN SELA BASMATI RICE 25KG(T) Patanjali,Patanjali
CHEF SP.GOLDEN SELA BASMATI RICE 25K(NT) Patanjali,Patanjali
ROASTED DIET-QUINOA-MASALA FLAV 80 GM-T Patanjali,Patanjali
ROASTED DIET-QUINOA-TOMATO FLAV 80 GM-T Patanjali,Patanjali
ROASTED DIET-FLAXSEED CHILI LIME 150GM-T Patanjali,Patanjali
ROASTED DIET-FLAXSEED BLCK SALT 150 GM-T Patanjali,Patanjali
ROASTED DIET-MELON 'N' FLAXSEED 150 GM-T Patanjali,Patanjali
ROASTED DIET-ROASTED MIX. LIME 125 GM-T Patanjali,Patanjali
ROASTED DIET-CHIVDA MIX. LIME 125 GM-T Patanjali,Patanjali
ROASTED DIET-OAT MIX. WASABI 125 GM-T Patanjali,Patanjali
MANGO DRINK 1 L - T Patanjali,Patanjali
GROUNDNUT OIL 1 LTR (B) Patanjali,Patanjali
GROUNDNUT OIL 1 LTR (P) Patanjali,Patanjali
GROUNDNUT OIL 5 LTR (J) Patanjali,Patanjali
RICE BRAN OIL 15 LTR Patanjali,Patanjali
MUSTARD OIL 15 LTR. Patanjali,Patanjali
GROUNDNUT OIL 15 LTR. Patanjali,Patanjali
RASGULLA 1 KG -T Patanjali,Patanjali
CREAMFEAST ELAICHI BISCUIT 84 GM - T Patanjali,Patanjali
CREAMFEAST CHOCOLATE BISCUIT 84 GM - T Patanjali,Patanjali
CREAMFEAST LEMON BISCUIT 84 GM - T Patanjali,Patanjali
CREAMFEAST ORANGE BISCUIT 84 GM - T Patanjali,Patanjali
CREAMFEAST MILK VANILLA BISCUIT 84 GM- T Patanjali,Patanjali
GLUCOSHAKTI REGULAR JAR (500+50) GM-T Patanjali,Patanjali
AMLA CANDY 250 G Patanjali,Patanjali
RICE Patanjali,Patanjali
NAMKEEN Patanjali,Patanjali
FRUIT JUICE Patanjali,Patanjali
RICE BRAN OIL Patanjali,Patanjali
MUSTARD OIL Patanjali,Patanjali
GROUNDNUT OIL Patanjali,Patanjali
RASGULLA Patanjali,Patanjali
BISCUITS Patanjali,Patanjali
GLUCOSHAKTI Patanjali,Patanjali
CANDY Patanjali,Patanjali
FLOUR & SUGAR Patanjali,Patanjali
RICE & PULSES Patanjali,Patanjali
NATURAL BEVERAGES Patanjali,Patanjali
PHYSICAL OILS Patanjali,Patanjali
BISCUIT & CONFFECTIONARY Patanjali,Patanjali
ANACIN 10S(16+4ST FREE) PFIZER LIMITED,PFIZER LIMITED
ANNE FR. 25 GM TUBE PFIZER LIMITED,PFIZER LIMITED
ANNEFR. ROSE 40 GM PFIZER LIMITED,PFIZER LIMITED
ANNEFR. SANDAL 40GM PFIZER LIMITED,PFIZER LIMITED
ANNEFR.LEMON 40 GM PFIZER LIMITED,PFIZER LIMITED
ANNEFRNCH 40GM PFIZER LIMITED,PFIZER LIMITED
NOV BEAM 303 PANASONIC BATTERY INDIA LTD,PANASONIC BATTERY INDIA LTD
NOV KRISSH 318  PANASONIC BATTERY INDIA LTD,PANASONIC BATTERY INDIA LTD
NOV MINI BEAM  201  PANASONIC BATTERY INDIA LTD,PANASONIC BATTERY INDIA LTD
P. 4NN RED AAA  PANASONIC BATTERY INDIA LTD,PANASONIC BATTERY INDIA LTD
P. ALKALINE AA 2B  PANASONIC BATTERY INDIA LTD,PANASONIC BATTERY INDIA LTD
P. ALKALINE AAA 2B  PANASONIC BATTERY INDIA LTD,PANASONIC BATTERY INDIA LTD
P. ECO R6 PVC 3UE  PANASONIC BATTERY INDIA LTD,PANASONIC BATTERY INDIA LTD
P. GOLD PLUS R6  3NG  PANASONIC BATTERY INDIA LTD,PANASONIC BATTERY INDIA LTD
P. GOLD R20 METAL(1D)  PANASONIC BATTERY INDIA LTD,PANASONIC BATTERY INDIA LTD
P. HYPER R14 METAL 2U  PANASONIC BATTERY INDIA LTD,PANASONIC BATTERY INDIA LTD
P. HYPER R20 METAL 1U  PANASONIC BATTERY INDIA LTD,PANASONIC BATTERY INDIA LTD
P. JUMBO R03 PVC 3J  PANASONIC BATTERY INDIA LTD,PANASONIC BATTERY INDIA LTD
P. NOVINO RAJA R20 1P  PANASONIC BATTERY INDIA LTD,PANASONIC BATTERY INDIA LTD
P. R6 METAL 3UM  PANASONIC BATTERY INDIA LTD,PANASONIC BATTERY INDIA LTD
PANASONIC  4NG  PANASONIC BATTERY INDIA LTD,PANASONIC BATTERY INDIA LTD
PANASONIC 4J  PANASONIC BATTERY INDIA LTD,PANASONIC BATTERY INDIA LTD
PANASONIC 9V BTTRY  PANASONIC BATTERY INDIA LTD,PANASONIC BATTERY INDIA LTD
